index,x_px,y_px,x_normalized,y_normalized
0,446.0,1.0,0.9977628635346756,0.0022371364653243847
1,445.4404602050781,8.916884422302246,0.9965110966556557,0.019948287298215316
2,442.7312316894531,16.06297492980957,0.9904501827504544,0.03593506695706839
3,435.4183654785156,18.173450469970703,0.9740903030839275,0.040656488747138037
4,435.0,26.07524299621582,0.9731543624161074,0.05833387694902868
5,435.0,34.03189468383789,0.9731543624161074,0.07613399258129282
6,435.0,41.988548278808594,0.9731543624161074,0.09393411248055614
7,434.2857360839844,49.894447326660156,0.9715564565637235,0.1116206875316782
8,434.6011047363281,57.792301177978516,0.9722619792759019,0.12928926438026514
9,434.5241394042969,65.66897583007812,0.972089797325049,0.14691046046997344
10,435.0,73.591796875,0.9731543624161074,0.16463489233780762
11,435.0,81.54845428466797,0.9731543624161074,0.1824350207710693
12,435.0,89.5051040649414,0.9731543624161074,0.20023513213633423
13,435.0,97.46175384521484,0.9731543624161074,0.2180352435015992
14,435.0,105.41841125488281,0.9731543624161074,0.23583537193486087
15,435.0,113.37506103515625,0.9731543624161074,0.25363548330012586
16,434.0000305175781,121.26062774658203,0.9709172942227698,0.27127657214000456
17,435.0,129.14622497558594,0.9731543624161074,0.2889177292518701
18,434.4197692871094,137.06166076660156,0.9718563071299986,0.3066256392988849
19,434.0000305175781,144.98849487304688,0.9709172942227698,0.3243590489329908
20,434.81451416015625,152.85079956054688,0.9727394052799916,0.3419480974508879
21,438.27984619140625,159.97933959960938,0.9804918259315576,0.3578956143167995
22,434.86474609375,166.6680450439453,0.972851780970358,0.3728591611721372
23,427.97247314453125,170.59112548828125,0.9574328258266919,0.38163562749056207
24,422.08148193359375,175.91856384277344,0.9442538745717981,0.3935538341001643
25,414.994384765625,179.0,0.9283990710640381,0.4004474272930649
26,407.0377502441406,179.0,0.9105989938347665,0.4004474272930649
27,399.453857421875,180.7406768798828,0.8936327906529642,0.4043415590153978
28,392.7958984375,185.061279296875,0.8787380278243848,0.41400733623461966
29,390.7859191894531,192.49880981445312,0.8742414299540339,0.43064610696745664
30,389.3027038574219,200.2937469482422,0.8709232748488185,0.4480844450743673
31,383.6650695800781,205.61996459960938,0.8583111176288101,0.45999992080449525
32,376.96038818359375,209.88543701171875,0.8433118303883529,0.4695423646794603
33,370.86175537109375,214.9756622314453,0.8296683565348854,0.48092989313522444
34,364.82061767578125,220.15377807617188,0.8161535071046561,0.49251404491313616
35,357.9516296386719,224.01382446289062,0.8007866434869617,0.5011494954427084
36,350.2213439941406,225.8255615234375,0.7834929395842072,0.5052025984864373
37,342.2843933105469,226.10226440429688,0.7657368977864584,0.5058216205912682
38,334.8026123046875,228.68423461914062,0.7489991326726789,0.5115978403112765
39,327.8958435058594,232.60121154785156,0.7335477483352558,0.5203606522323301
40,319.9851989746094,233.00003051757812,0.7158505569901775,0.5212528646925685
41,312.0584411621094,233.4202423095703,0.6981173180360388,0.5221929358155936
42,304.1430358886719,234.00001525878906,0.6804094762610109,0.5234899670218994
43,296.1863708496094,234.00001525878906,0.6626093307597525,0.5234899670218994
44,288.2297058105469,234.00001525878906,0.6448091852584942,0.5234899670218994
45,280.2730712890625,234.00001525878906,0.6270091080292226,0.5234899670218994
46,272.3534851074219,234.52093505859375,0.6092919129919953,0.524655335701552
47,264.6038818359375,233.97311401367188,0.5919549929215604,0.5234297852654852
48,257.3008728027344,231.04298400878906,0.5756171651067883,0.5168746845834207
49,249.34727478027344,231.0,0.5578238809402091,0.5167785234899329
50,241.390625,231.0,0.540023769574944,0.5167785234899329
51,233.43397521972656,231.0,0.5222236582096791,0.5167785234899329
52,225.47731018066406,231.0,0.5044235127084207,0.5167785234899329
53,217.52066040039062,231.0,0.48662340134315574,0.5167785234899329
54,209.56399536132812,231.0,0.4688232558418974,0.5167785234899329
55,201.60733032226562,231.0,0.45102311034063897,0.5167785234899329
56,193.65069580078125,231.0,0.43322303311136745,0.5167785234899329
57,185.69403076171875,231.0,0.41542288761010904,0.5167785234899329
58,177.7373809814453,231.0,0.3976227762448441,0.5167785234899329
59,169.78073120117188,231.0,0.37982266487957916,0.5167785234899329
60,161.88616943359375,230.12661743164062,0.36216145287157436,0.5148246474980774
61,154.38040161132812,227.98599243164062,0.34537002597612554,0.5100357772519925
62,148.5669708251953,222.5669708251953,0.33236458797582846,0.49791268640983294
63,142.94076538085938,216.94078063964844,0.3197779986148979,0.4853261311848958
64,137.3145751953125,211.31460571289062,0.30719144338996085,0.47273961009595217
65,131.68838500976562,205.68836975097656,0.2946048881650238,0.46015295246303484
66,124.76631164550781,203.133544921875,0.279119265426192,0.4544374606753356
67,119.48395538330078,208.90309143066406,0.267301913609174,0.46734472355853257
68,117.54766082763672,216.58322143554688,0.26297015845108884,0.4845262224508879
69,112.9959716796875,223.00473022460938,0.25278740867939037,0.49889201392530064
70,109.56070709228516,230.03753662109375,0.24510225300287508,0.5146253615684424
71,106.38595581054688,237.2596893310547,0.23799990114216305,0.5307823027540374
72,100.94834899902344,243.05166625976562,0.22583523266000768,0.5437397455475741
73,95.79361724853516,249.0889434814453,0.21430339429202497,0.557245958571466
74,90.76605224609375,255.23394775390625,0.20305604529327462,0.5709931717089626
75,85.13982391357422,260.86016845703125,0.19046940472835397,0.5835797952058864
76,79.51361083984375,266.4864196777344,0.17788279829942674,0.5961664869747972
77,73.8963394165039,272.1209411621094,0.16531619556264857,0.6087716804521462
78,69.19102478027344,278.5325622558594,0.15478976460911284,0.6231153518028174
79,63.71120071411133,284.2887878417969,0.14253065036713944,0.6359928139637514
80,58.084964752197266,289.9150390625,0.12994399273422208,0.6485795057326622
81,52.45869445800781,295.54132080078125,0.1173572582953195,0.6611662657735599
82,45.98058319091797,300.00555419921875,0.10286483935328404,0.6711533650989234
83,38.122737884521484,301.1253356933594,0.0852857670794664,0.6736584691126608
84,31.302217483520508,305.0267028808594,0.07002733217789822,0.6823863599124371
85,25.517858505249023,310.482177734375,0.05708693177908059,0.6945910016428971
86,21.536521911621094,317.244384765625,0.048180138504745174,0.7097189815785794
87,21.47300148010254,325.10369873046875,0.04803803463110188,0.7273013394417646
88,24.0775203704834,332.4573974609375,0.053864698815399105,0.7437525670267058
89,21.986953735351562,340.0913391113281,0.04918781596275517,0.7608307362669533
90,19.53936767578125,347.6122131347656,0.04371223193687081,0.7776559577958962
91,21.51664161682129,354.96282958984375,0.048135663572307134,0.794100289910165
92,24.901470184326172,361.6897277832031,0.05570798698954401,0.8091492791570539
93,22.127653121948242,369.1064453125,0.04950257969115938,0.8257414883948546
94,22.149059295654297,377.04339599609375,0.049550468222940264,0.8434975301926034
95,25.26861000061035,384.2934265136719,0.056529328860425845,0.8597168378381921
96,26.000003814697266,392.1378173828125,0.058165556632432364,0.8772658106998042
97,26.000003814697266,400.094482421875,0.058165556632432364,0.8950659562010627
98,24.488773345947266,407.6954345703125,0.05478472784328247,0.9120703234235179
99,21.71428680419922,414.8355712890625,0.04857782282818617,0.9280437836444351
100,25.621238708496094,421.62127685546875,0.057318207401557256,0.9432243330099972
101,31.777048110961914,426.5868835449219,0.07108959308940026,0.9543330728074315
102,39.501155853271484,428.2860412597656,0.0883694761818154,0.9581343204916457
103,45.8753776550293,432.8753662109375,0.10262948021259351,0.9684012666911354
104,52.4123420715332,437.2607116699219,0.11725356168128233,0.978211882930474
105,59.7791862487793,439.9851379394531,0.1337341974245622,0.9843067962851301
106,66.41419219970703,444.26123046875,0.1485776111850269,0.9938729988115212
107,74.17373657226562,443.7826843261719,0.16593677085518038,0.9928024257856194
108,81.7515640258789,441.5714416503906,0.18288940497959486,0.9878555741619477
109,89.19456481933594,444.198486328125,0.19954041346607593,0.9937326316065436
110,97.06761932373047,444.8475036621094,0.21715351079134332,0.9951845719510277
111,104.98458862304688,444.85498046875,0.23486485150569772,0.9952012985878076
112,112.90055084228516,444.5714416503906,0.2525739392444858,0.9945669835579208
113,120.82681274414062,445.0000305175781,0.27030606877883806,0.9955257953413381
114,128.78346252441406,445.0000305175781,0.28810618014410305,0.9955257953413381
115,136.7401123046875,445.0000305175781,0.305906291509368,0.9955257953413381
116,144.6897735595703,444.9014892578125,0.32369076858964274,0.9953053450957774
117,152.63314819335938,445.0000305175781,0.341461181640625,0.9955257953413381
118,160.58981323242188,445.0000305175781,0.3592613271418834,0.9955257953413381
119,168.5464630126953,445.0000305175781,0.37706143850714835,0.9955257953413381
120,176.50311279296875,445.0000305175781,0.3948615498724133,0.9955257953413381
121,184.4597625732422,445.0000305175781,0.4126616612376783,0.9955257953413381
122,192.41641235351562,445.0000305175781,0.4304617726029432,0.9955257953413381
123,200.37306213378906,445.0000305175781,0.4482618839682082,0.9955257953413381
124,208.32972717285156,445.0000305175781,0.46606202946946657,0.9955257953413381
125,216.28639221191406,445.0000305175781,0.483862174970725,0.9955257953413381
126,223.93475341796875,443.3136901855469,0.5009726027247623,0.9917532218916038
127,231.5860595703125,444.3103332519531,0.5180896187255313,0.9939828484383739
128,239.48562622070312,445.0000305175781,0.5357620273393806,0.9955257953413381
129,247.44232177734375,445.0000305175781,0.5535622411126259,0.9955257953413381
130,255.3989715576172,445.0000305175781,0.5713623524778908,0.9955257953413381
131,263.3556213378906,445.0000305175781,0.5891624638431557,0.9955257953413381
132,271.2717590332031,444.4285888671875,0.6068719441458683,0.994247402387444
133,279.1878967285156,445.0000305175781,0.6245814244485808,0.9955257953413381
134,287.1445617675781,445.0000305175781,0.6423815699498392,0.9955257953413381
135,295.1012268066406,445.0000305175781,0.6601817154510976,0.9955257953413381
136,303.057861328125,445.0000305175781,0.6779817926803692,0.9955257953413381
137,311.0145263671875,445.0000305175781,0.6957819381816275,0.9955257953413381
138,318.97113037109375,445.0000305175781,0.7135819471389122,0.9955257953413381
139,326.92779541015625,445.0000305175781,0.7313820926401706,0.9955257953413381
140,334.88446044921875,445.0000305175781,0.7491822381414289,0.9955257953413381
141,342.8410949707031,445.0000305175781,0.7669823153707005,0.9955257953413381
142,350.79779052734375,445.0000305175781,0.7847825291439458,0.9955257953413381
143,358.7544250488281,445.0000305175781,0.8025826063732173,0.9955257953413381
144,366.7110900878906,445.0000305175781,0.8203827518744756,0.9955257953413381
145,374.6373291015625,444.57147216796875,0.8381148302048378,0.9945670518299077
146,382.5635681152344,445.0000305175781,0.8558469085352,0.9955257953413381
147,390.5202331542969,445.0000305175781,0.8736470540364584,0.9955257953413381
148,398.47686767578125,445.0000305175781,0.8914471312657298,0.9955257953413381
149,406.42340087890625,444.857177734375,0.9092246104673518,0.9952062141708613
150,414.36993408203125,445.0000305175781,0.9270020896689737,0.9955257953413381
151,422.32659912109375,445.0000305175781,0.9448022351702321,0.9955257953413381
152,430.2803955078125,444.9599914550781,0.962595963104726,0.995436222494582
153,437.7984313964844,442.6866455078125,0.9794148353388912,0.9903504373776566
154,437.08367919921875,435.9172058105469,0.9778158371347175,0.9752062769810892
155,434.1003723144531,428.7024230957031,0.9711417725155551,0.9590658234803202
156,434.0000305175781,420.75286865234375,0.9709172942227698,0.9412815853519995
157,434.0000305175781,412.79620361328125,0.9709172942227698,0.923481439850741
158,434.3242492675781,404.8652038574219,0.9716426158111368,0.9057387110904292
159,437.71429443359375,397.76873779296875,0.9792266094711269,0.8898629480827042
160,434.72821044921875,390.5486755371094,0.9725463321011605,0.8737106835282089
161,434.0000305175781,382.6742858886719,0.9709172942227698,0.8560945993035165
162,434.0000305175781,374.7176513671875,0.9709172942227698,0.8382945220742449
163,434.14288330078125,366.7711181640625,0.9712368753932467,0.8205170428726231
164,434.0000305175781,358.8246154785156,0.9709172942227698,0.802739631942988
165,434.0000305175781,350.86798095703125,0.9709172942227698,0.7849395547137165
166,434.0000305175781,342.91131591796875,0.9709172942227698,0.767139409212458
167,434.0000305175781,334.95465087890625,0.9709172942227698,0.7493392637111996
168,434.0000305175781,326.99798583984375,0.9709172942227698,0.7315391182099413
169,434.0000305175781,319.0413513183594,0.9709172942227698,0.7137390409806698
170,434.0000305175781,311.0846862792969,0.9709172942227698,0.6959388954794113
171,434.0000305175781,303.1280517578125,0.9709172942227698,0.6781388182501398
172,434.0000305175781,295.1714172363281,0.9709172942227698,0.6603387410208683
173,434.0000305175781,287.2147521972656,0.9709172942227698,0.6425385955196099
174,435.0,279.3290100097656,0.9731543624161074,0.6248971141158067
175,435.0,271.3723449707031,0.9731543624161074,0.6070969686145484
176,434.0000305175781,263.48663330078125,0.9709172942227698,0.5894555554827321
177,434.3664245605469,255.56478881835938,0.9717369676969728,0.5717333083184774
178,434.4760437011719,247.66787719726562,0.9719822006737626,0.5540668393674846
179,434.96441650390625,239.7509307861328,0.9730747572794324,0.5363555498571204
180,434.4494323730469,231.85401916503906,0.9719226675012235,0.5186890809061276
181,434.4404602050781,223.91697692871094,0.9719025955370876,0.5009328342924182
182,435.0,216.0,0.9731543624161074,0.48322147651006714
